{"cameraMode":{"drawMode":0,"name":"Shaded","section":"Shading Mode"},"sceneLighting":true,"audioPlay":false,"sceneViewState":{"showFog":false,"showMaterialUpdate":false,"showSkybox":false,"showFlares":false,"showImageEffects":false,"showParticleSystems":false},"in2DMode":false,"pivot":{"x":18.203147888183595,"y":0.5597363710403442,"z":-0.7522058486938477},"rotation":{"x":0.016814783215522767,"y":0.9761372804641724,"z":0.20041468739509583,"w":-0.08189785480499268},"size":15.429851531982422,"orthographic":true}