{"cameraMode":{"drawMode":0,"name":"Shaded","section":"Shading Mode"},"sceneLighting":false,"audioPlay":false,"sceneViewState":{"showFog":false,"showMaterialUpdate":false,"showSkybox":false,"showFlares":false,"showImageEffects":false,"showParticleSystems":false},"in2DMode":false,"pivot":{"x":0.47926566004753115,"y":0.9990963935852051,"z":0.5077803134918213},"rotation":{"x":0.016814783215522767,"y":0.9761372804641724,"z":0.20041468739509583,"w":-0.08189785480499268},"size":6.63045072555542,"orthographic":true}