{"cameraMode":{"drawMode":0,"name":"Shaded","section":"Shading Mode"},"sceneLighting":true,"audioPlay":false,"sceneViewState":{"showFog":false,"showMaterialUpdate":false,"showSkybox":false,"showFlares":false,"showImageEffects":false,"showParticleSystems":false},"in2DMode":false,"pivot":{"x":0.0,"y":0.6873300075531006,"z":0.9342287182807922},"rotation":{"x":0.016814783215522767,"y":0.9761372804641724,"z":0.20041468739509583,"w":-0.08189785480499268},"size":5.787784099578857,"orthographic":true}